{
  "accessTokenAuthentication" : {
    "transaction" : "accessTokenAuthentication",
    "sampleCount" : 1300,
    "errorCount" : 0,
    "errorPct" : 0.0,
    "meanResTime" : 944.771538461536,
    "medianResTime" : 737.0,
    "minResTime" : 256.0,
    "maxResTime" : 9016.0,
    "pct1ResTime" : 1873.8000000000002,
    "pct2ResTime" : 2633.8,
    "pct3ResTime" : 4591.440000000001,
    "throughput" : 30.565221480297186,
    "receivedKBytesPerSec" : 23.22892542673752,
    "sentKBytesPerSec" : 7.850247313787267
  },
  "updateBooking" : {
    "transaction" : "updateBooking",
    "sampleCount" : 1300,
    "errorCount" : 0,
    "errorPct" : 0.0,
    "meanResTime" : 820.3738461538462,
    "medianResTime" : 712.0,
    "minResTime" : 252.0,
    "maxResTime" : 6627.0,
    "pct1ResTime" : 874.0,
    "pct2ResTime" : 2296.8,
    "pct3ResTime" : 3981.7200000000003,
    "throughput" : 30.97745794214364,
    "receivedKBytesPerSec" : 28.703947094076156,
    "sentKBytesPerSec" : 15.458477547300195
  },
  "Total" : {
    "transaction" : "Total",
    "sampleCount" : 6500,
    "errorCount" : 0,
    "errorPct" : 0.0,
    "meanResTime" : 1907.6738461538498,
    "medianResTime" : 792.0,
    "minResTime" : 246.0,
    "maxResTime" : 37208.0,
    "pct1ResTime" : 5648.400000000003,
    "pct2ResTime" : 8351.55,
    "pct3ResTime" : 12180.499999999989,
    "throughput" : 137.95445380648175,
    "receivedKBytesPerSec" : 118.62383468281088,
    "sentKBytesPerSec" : 44.64658788229302
  },
  "deleteBooking" : {
    "transaction" : "deleteBooking",
    "sampleCount" : 1300,
    "errorCount" : 0,
    "errorPct" : 0.0,
    "meanResTime" : 792.2884615384601,
    "medianResTime" : 685.0,
    "minResTime" : 246.0,
    "maxResTime" : 8108.0,
    "pct1ResTime" : 874.0,
    "pct2ResTime" : 2291.95,
    "pct3ResTime" : 2721.67,
    "throughput" : 31.3275658481336,
    "receivedKBytesPerSec" : 23.14116833747018,
    "sentKBytesPerSec" : 7.923671440104104
  },
  "getBooking" : {
    "transaction" : "getBooking",
    "sampleCount" : 1300,
    "errorCount" : 0,
    "errorPct" : 0.0,
    "meanResTime" : 892.5723076923082,
    "medianResTime" : 734.5,
    "minResTime" : 254.0,
    "maxResTime" : 37208.0,
    "pct1ResTime" : 874.9000000000001,
    "pct2ResTime" : 2475.8500000000013,
    "pct3ResTime" : 3617.9800000000037,
    "throughput" : 31.214733354143156,
    "receivedKBytesPerSec" : 28.81331863639638,
    "sentKBytesPerSec" : 4.724886396379091
  },
  "createBooking" : {
    "transaction" : "createBooking",
    "sampleCount" : 1300,
    "errorCount" : 0,
    "errorPct" : 0.0,
    "meanResTime" : 6088.363076923073,
    "medianResTime" : 5503.0,
    "minResTime" : 2049.0,
    "maxResTime" : 17569.0,
    "pct1ResTime" : 9911.7,
    "pct2ResTime" : 12130.150000000001,
    "pct3ResTime" : 14525.390000000003,
    "throughput" : 54.66548925612884,
    "receivedKBytesPerSec" : 51.989377023674365,
    "sentKBytesPerSec" : 25.037221153441823
  }
}