{
  "accessTokenAuthentication" : {
    "transaction" : "accessTokenAuthentication",
    "sampleCount" : 1400,
    "errorCount" : 0,
    "errorPct" : 0.0,
    "meanResTime" : 1104.562142857143,
    "medianResTime" : 828.0,
    "minResTime" : 273.0,
    "maxResTime" : 66853.0,
    "pct1ResTime" : 2487.1000000000017,
    "pct2ResTime" : 2800.5000000000005,
    "pct3ResTime" : 5487.060000000001,
    "throughput" : 8.511155693355219,
    "receivedKBytesPerSec" : 6.453446068150039,
    "sentKBytesPerSec" : 2.18597065171135
  },
  "updateBooking" : {
    "transaction" : "updateBooking",
    "sampleCount" : 1400,
    "errorCount" : 5,
    "errorPct" : 0.35714287,
    "meanResTime" : 2225.0814285714255,
    "medianResTime" : 1506.0,
    "minResTime" : 275.0,
    "maxResTime" : 40437.0,
    "pct1ResTime" : 4169.5,
    "pct2ResTime" : 5346.250000000001,
    "pct3ResTime" : 7569.89,
    "throughput" : 8.53133131425159,
    "receivedKBytesPerSec" : 7.88219197894894,
    "sentKBytesPerSec" : 4.257250965106855
  },
  "Total" : {
    "transaction" : "Total",
    "sampleCount" : 7000,
    "errorCount" : 13,
    "errorPct" : 0.18571429,
    "meanResTime" : 2917.6352857142856,
    "medianResTime" : 1478.5,
    "minResTime" : 273.0,
    "maxResTime" : 162058.0,
    "pct1ResTime" : 7145.800000000007,
    "pct2ResTime" : 9713.55,
    "pct3ResTime" : 17677.829999999994,
    "throughput" : 41.60252943378957,
    "receivedKBytesPerSec" : 35.69857449118621,
    "sentKBytesPerSec" : 13.463699842950453
  },
  "deleteBooking" : {
    "transaction" : "deleteBooking",
    "sampleCount" : 1400,
    "errorCount" : 8,
    "errorPct" : 0.5714286,
    "meanResTime" : 1853.5428571428583,
    "medianResTime" : 1186.5,
    "minResTime" : 283.0,
    "maxResTime" : 18264.0,
    "pct1ResTime" : 3745.800000000002,
    "pct2ResTime" : 4361.1500000000015,
    "pct3ResTime" : 7229.71,
    "throughput" : 8.556620379424995,
    "receivedKBytesPerSec" : 6.307188974489047,
    "sentKBytesPerSec" : 2.1641397578782025
  },
  "getBooking" : {
    "transaction" : "getBooking",
    "sampleCount" : 1400,
    "errorCount" : 0,
    "errorPct" : 0.0,
    "meanResTime" : 1699.5450000000017,
    "medianResTime" : 1082.0,
    "minResTime" : 293.0,
    "maxResTime" : 28900.0,
    "pct1ResTime" : 2869.8,
    "pct2ResTime" : 4198.700000000001,
    "pct3ResTime" : 9393.610000000002,
    "throughput" : 8.490508824064527,
    "receivedKBytesPerSec" : 7.825103099035721,
    "sentKBytesPerSec" : 1.285101526017345
  },
  "createBooking" : {
    "transaction" : "createBooking",
    "sampleCount" : 1400,
    "errorCount" : 0,
    "errorPct" : 0.0,
    "meanResTime" : 7705.444999999997,
    "medianResTime" : 6449.0,
    "minResTime" : 1756.0,
    "maxResTime" : 162058.0,
    "pct1ResTime" : 13574.8,
    "pct2ResTime" : 17348.75,
    "pct3ResTime" : 27987.06000000001,
    "throughput" : 8.42880967145704,
    "receivedKBytesPerSec" : 8.003547531713396,
    "sentKBytesPerSec" : 3.8604606796028826
  }
}