{
  "accessTokenAuthentication" : {
    "transaction" : "accessTokenAuthentication",
    "sampleCount" : 1200,
    "errorCount" : 0,
    "errorPct" : 0.0,
    "meanResTime" : 832.5491666666677,
    "medianResTime" : 635.0,
    "minResTime" : 334.0,
    "maxResTime" : 7566.0,
    "pct1ResTime" : 2032.4000000000015,
    "pct2ResTime" : 2388.9,
    "pct3ResTime" : 4082.9300000000003,
    "throughput" : 20.724314802341848,
    "receivedKBytesPerSec" : 15.746296608120478,
    "sentKBytesPerSec" : 5.322748821304596
  },
  "updateBooking" : {
    "transaction" : "updateBooking",
    "sampleCount" : 1200,
    "errorCount" : 0,
    "errorPct" : 0.0,
    "meanResTime" : 786.0658333333316,
    "medianResTime" : 613.5,
    "minResTime" : 339.0,
    "maxResTime" : 4747.0,
    "pct1ResTime" : 968.7000000000003,
    "pct2ResTime" : 2312.3000000000006,
    "pct3ResTime" : 3160.000000000002,
    "throughput" : 20.725746558662497,
    "receivedKBytesPerSec" : 19.198909415533947,
    "sentKBytesPerSec" : 10.342633292457554
  },
  "Total" : {
    "transaction" : "Total",
    "sampleCount" : 6000,
    "errorCount" : 0,
    "errorPct" : 0.0,
    "meanResTime" : 1816.6970000000026,
    "medianResTime" : 774.5,
    "minResTime" : 334.0,
    "maxResTime" : 53524.0,
    "pct1ResTime" : 5351.900000000001,
    "pct2ResTime" : 7700.499999999998,
    "pct3ResTime" : 10988.839999999997,
    "throughput" : 96.09994394169937,
    "receivedKBytesPerSec" : 82.59239609193561,
    "sentKBytesPerSec" : 31.1010951389445
  },
  "deleteBooking" : {
    "transaction" : "deleteBooking",
    "sampleCount" : 1200,
    "errorCount" : 0,
    "errorPct" : 0.0,
    "meanResTime" : 785.749166666666,
    "medianResTime" : 567.0,
    "minResTime" : 339.0,
    "maxResTime" : 8172.0,
    "pct1ResTime" : 1658.6000000000395,
    "pct2ResTime" : 2268.9,
    "pct3ResTime" : 2962.7700000000023,
    "throughput" : 20.859045003389593,
    "receivedKBytesPerSec" : 15.388162926524013,
    "sentKBytesPerSec" : 5.275871734255766
  },
  "getBooking" : {
    "transaction" : "getBooking",
    "sampleCount" : 1200,
    "errorCount" : 0,
    "errorPct" : 0.0,
    "meanResTime" : 835.1483333333331,
    "medianResTime" : 655.0,
    "minResTime" : 336.0,
    "maxResTime" : 9777.0,
    "pct1ResTime" : 976.0,
    "pct2ResTime" : 2458.5000000000005,
    "pct3ResTime" : 4089.59,
    "throughput" : 20.67361529847532,
    "receivedKBytesPerSec" : 19.07955304074425,
    "sentKBytesPerSec" : 3.1293070031871824
  },
  "createBooking" : {
    "transaction" : "createBooking",
    "sampleCount" : 1200,
    "errorCount" : 0,
    "errorPct" : 0.0,
    "meanResTime" : 5843.972499999991,
    "medianResTime" : 5282.0,
    "minResTime" : 2036.0,
    "maxResTime" : 53524.0,
    "pct1ResTime" : 9227.500000000002,
    "pct2ResTime" : 10988.2,
    "pct3ResTime" : 16496.840000000004,
    "throughput" : 19.975031210986266,
    "receivedKBytesPerSec" : 18.985642946317103,
    "sentKBytesPerSec" : 9.148720349563046
  }
}